{
  "ar_pr_auc": {
    "mean": 0.8001649961198929,
    "std": 0.09445270006039892
  },
  "ar_roc_auc": {
    "mean": 0.8997230810671617,
    "std": 0.06922886314114066
  },
  "ar_precision": {
    "mean": 0.8195310749454621,
    "std": 0.05685108482654781
  },
  "ar_recall": {
    "mean": 0.7419074131925515,
    "std": 0.15370811081714125
  },
  "ar_f1": {
    "mean": 0.7727101632478771,
    "std": 0.09172408734851957
  },
  "full_pr_auc": {
    "mean": 0.8229778364948181,
    "std": 0.07296570213117066
  },
  "full_roc_auc": {
    "mean": 0.9162860621308324,
    "std": 0.05361854490732736
  },
  "full_precision": {
    "mean": 0.7852618286989956,
    "std": 0.05176667265331351
  },
  "full_recall": {
    "mean": 0.8235426920980632,
    "std": 0.14145333663396084
  },
  "full_f1": {
    "mean": 0.7971379708586327,
    "std": 0.07168550688565317
  },
  "delta_pr_auc": {
    "mean": 0.02281284037492513,
    "std": 0.05463452730697271
  }
}