{
  "ar_pr_auc": {
    "mean": 0.7035642884421779,
    "std": 0.06605338512893819
  },
  "ar_roc_auc": {
    "mean": 0.8643342394812701,
    "std": 0.022637654322808145
  },
  "ar_precision": {
    "mean": 0.7990896358543418,
    "std": 0.07633901219824342
  },
  "ar_recall": {
    "mean": 0.6667556891456888,
    "std": 0.04975994985498731
  },
  "ar_f1": {
    "mean": 0.7266145216713252,
    "std": 0.05853884192533806
  },
  "full_pr_auc": {
    "mean": 0.7305171094634879,
    "std": 0.09311911902827608
  },
  "full_roc_auc": {
    "mean": 0.8686917858408673,
    "std": 0.05924713902551704
  },
  "full_precision": {
    "mean": 0.8003968253968254,
    "std": 0.07422650604770772
  },
  "full_recall": {
    "mean": 0.6500890224790221,
    "std": 0.08095729268119169
  },
  "full_f1": {
    "mean": 0.7168333118901155,
    "std": 0.0764400795782057
  },
  "delta_pr_auc": {
    "mean": 0.026952821021309997,
    "std": 0.1161393752425541
  }
}