{
  "ar_pr_auc": {
    "mean": 0.8096284398749278,
    "std": 0.07703133245371024
  },
  "ar_roc_auc": {
    "mean": 0.9198855615393553,
    "std": 0.034921390930954525
  },
  "ar_precision": {
    "mean": 0.8208046427041819,
    "std": 0.1027715002413234
  },
  "ar_recall": {
    "mean": 0.6813740357974568,
    "std": 0.07411663188516084
  },
  "ar_f1": {
    "mean": 0.7422231107981369,
    "std": 0.07298251667073094
  },
  "full_pr_auc": {
    "mean": 0.8259985692098033,
    "std": 0.07456312247282176
  },
  "full_roc_auc": {
    "mean": 0.9276938361434498,
    "std": 0.03183929616143533
  },
  "full_precision": {
    "mean": 0.8062760239671823,
    "std": 0.10385074628577068
  },
  "full_recall": {
    "mean": 0.7218854024966669,
    "std": 0.1076071519259734
  },
  "full_f1": {
    "mean": 0.7545265015588358,
    "std": 0.06965608376482757
  },
  "delta_pr_auc": {
    "mean": 0.016370129334875454,
    "std": 0.019643047640028857
  }
}