{
  "ar_pr_auc": {
    "mean": 0.8345901492666116,
    "std": 0.08668425708129225
  },
  "ar_roc_auc": {
    "mean": 0.9069287040721203,
    "std": 0.07670708543147532
  },
  "ar_precision": {
    "mean": 0.7409773201993884,
    "std": 0.14079348627035046
  },
  "ar_recall": {
    "mean": 0.7573835122432033,
    "std": 0.16797157036705396
  },
  "ar_f1": {
    "mean": 0.7311148520373633,
    "std": 0.09776422008778327
  },
  "full_pr_auc": {
    "mean": 0.871076221513979,
    "std": 0.04050827653941168
  },
  "full_roc_auc": {
    "mean": 0.9336801698571525,
    "std": 0.03730186675746966
  },
  "full_precision": {
    "mean": 0.7718024824656345,
    "std": 0.13917482573771683
  },
  "full_recall": {
    "mean": 0.7596795684800682,
    "std": 0.1567534284868553
  },
  "full_f1": {
    "mean": 0.7441831587042698,
    "std": 0.08321045155135295
  },
  "delta_pr_auc": {
    "mean": 0.03648607224736738,
    "std": 0.06851877515197481
  }
}