{
  "ar_pr_auc": {
    "mean": 0.799367265274532,
    "std": 0.08540638563102365
  },
  "ar_roc_auc": {
    "mean": 0.8988394854099127,
    "std": 0.07277979309398425
  },
  "ar_precision": {
    "mean": 0.8243285163100676,
    "std": 0.04731703826414917
  },
  "ar_recall": {
    "mean": 0.7419074131925515,
    "std": 0.15370811081714125
  },
  "ar_f1": {
    "mean": 0.7745511717114021,
    "std": 0.08859314452517299
  },
  "full_pr_auc": {
    "mean": 0.8026044011475765,
    "std": 0.07458782084903906
  },
  "full_roc_auc": {
    "mean": 0.9146497420718401,
    "std": 0.04211213190751909
  },
  "full_precision": {
    "mean": 0.8182160139876427,
    "std": 0.0603028873803218
  },
  "full_recall": {
    "mean": 0.7532199999768364,
    "std": 0.1518689263349388
  },
  "full_f1": {
    "mean": 0.7779090269259282,
    "std": 0.09037419684766244
  },
  "delta_pr_auc": {
    "mean": 0.0032371358730445437,
    "std": 0.05311619582066301
  }
}