{
  "ar_pr_auc": {
    "mean": 0.7903286915899564,
    "std": 0.09605854372060489
  },
  "ar_roc_auc": {
    "mean": 0.8848987117791419,
    "std": 0.1035552577901139
  },
  "ar_precision": {
    "mean": 0.8283581996144365,
    "std": 0.05091120566574447
  },
  "ar_recall": {
    "mean": 0.7672071622398606,
    "std": 0.14750243398088014
  },
  "ar_f1": {
    "mean": 0.7913048962293548,
    "std": 0.08941143961101695
  },
  "full_pr_auc": {
    "mean": 0.8205781764312425,
    "std": 0.07142000855284301
  },
  "full_roc_auc": {
    "mean": 0.9237782086957494,
    "std": 0.04504574297743908
  },
  "full_precision": {
    "mean": 0.774771354884811,
    "std": 0.05869317775422251
  },
  "full_recall": {
    "mean": 0.8110346603996267,
    "std": 0.14425244637180448
  },
  "full_f1": {
    "mean": 0.7845054749563471,
    "std": 0.06794964054407159
  },
  "delta_pr_auc": {
    "mean": 0.030249484841286263,
    "std": 0.058421259932291504
  }
}