{
  "ar_pr_auc": {
    "mean": 0.7749847677126185,
    "std": 0.10186402038932615
  },
  "ar_roc_auc": {
    "mean": 0.8999066882477045,
    "std": 0.046251077865635606
  },
  "ar_precision": {
    "mean": 0.8173157367875831,
    "std": 0.04761350055394263
  },
  "ar_recall": {
    "mean": 0.7013347581150837,
    "std": 0.14231742404117667
  },
  "ar_f1": {
    "mean": 0.7506958413092051,
    "std": 0.09153857850604821
  },
  "full_pr_auc": {
    "mean": 0.7962722917092255,
    "std": 0.08381011537402772
  },
  "full_roc_auc": {
    "mean": 0.9084380511260424,
    "std": 0.035934886883842374
  },
  "full_precision": {
    "mean": 0.7527717962554827,
    "std": 0.0650819558512364
  },
  "full_recall": {
    "mean": 0.7856032121233738,
    "std": 0.13890915870074697
  },
  "full_f1": {
    "mean": 0.7624370717222783,
    "std": 0.07886292390090911
  },
  "delta_pr_auc": {
    "mean": 0.02128752399660714,
    "std": 0.0705304719500265
  }
}