{
  "ar_pr_auc": {
    "mean": 0.8047460488226681,
    "std": 0.07745598168243108
  },
  "ar_roc_auc": {
    "mean": 0.9102510687196073,
    "std": 0.033938611103445815
  },
  "ar_precision": {
    "mean": 0.8582206149361591,
    "std": 0.10920806187326172
  },
  "ar_recall": {
    "mean": 0.6755642521876317,
    "std": 0.08153811712792092
  },
  "ar_f1": {
    "mean": 0.7533007514668048,
    "std": 0.07707575617391756
  },
  "full_pr_auc": {
    "mean": 0.8257578243397609,
    "std": 0.08802467785749811
  },
  "full_roc_auc": {
    "mean": 0.9165184486503307,
    "std": 0.050471436005710434
  },
  "full_precision": {
    "mean": 0.8534873018433041,
    "std": 0.11239838038890278
  },
  "full_recall": {
    "mean": 0.6606186000137186,
    "std": 0.0688909224724645
  },
  "full_f1": {
    "mean": 0.741694167994283,
    "std": 0.06804159780097747
  },
  "delta_pr_auc": {
    "mean": 0.02101177551709261,
    "std": 0.03251450593335853
  }
}