{
  "ar_pr_auc": {
    "mean": 0.6912332004845773,
    "std": 0.03800390847293908
  },
  "ar_roc_auc": {
    "mean": 0.8636339993166464,
    "std": 0.007789367916299905
  },
  "ar_precision": {
    "mean": 0.751750700280112,
    "std": 0.06486763889036257
  },
  "ar_recall": {
    "mean": 0.6526315789473685,
    "std": 0.07443229275647868
  },
  "ar_f1": {
    "mean": 0.698626000301978,
    "std": 0.0706786485196277
  },
  "full_pr_auc": {
    "mean": 0.7110302642786311,
    "std": 0.02353960908366964
  },
  "full_roc_auc": {
    "mean": 0.8455826709767564,
    "std": 0.004079512814083997
  },
  "full_precision": {
    "mean": 0.7384321653189578,
    "std": 0.08370289166336722
  },
  "full_recall": {
    "mean": 0.6526315789473685,
    "std": 0.07443229275647868
  },
  "full_f1": {
    "mean": 0.6928857467741139,
    "std": 0.07879659291019321
  },
  "delta_pr_auc": {
    "mean": 0.019797063794053882,
    "std": 0.061543517556608716
  }
}