{
  "ar_pr_auc": {
    "mean": 0.8113480795309848,
    "std": 0.09576984720347567
  },
  "ar_roc_auc": {
    "mean": 0.8814736748729299,
    "std": 0.08677092944999899
  },
  "ar_precision": {
    "mean": 0.7645110262187272,
    "std": 0.09220091670582412
  },
  "ar_recall": {
    "mean": 0.7053769292416165,
    "std": 0.14250319875230805
  },
  "ar_f1": {
    "mean": 0.7280668602801443,
    "std": 0.09239680308841028
  },
  "full_pr_auc": {
    "mean": 0.8591883357083938,
    "std": 0.03678947323244173
  },
  "full_roc_auc": {
    "mean": 0.9250931325434841,
    "std": 0.03374091585271816
  },
  "full_precision": {
    "mean": 0.8440141425534684,
    "std": 0.019771130440749452
  },
  "full_recall": {
    "mean": 0.7041014473234444,
    "std": 0.11313770950426734
  },
  "full_f1": {
    "mean": 0.7637271428792041,
    "std": 0.06752430915990201
  },
  "delta_pr_auc": {
    "mean": 0.04784025617740908,
    "std": 0.07862577697518985
  }
}