{
  "ar_pr_auc": {
    "mean": 0.765255622151765,
    "std": 0.05538179931868967
  },
  "ar_roc_auc": {
    "mean": 0.9143200592427371,
    "std": 0.035565686685663365
  },
  "ar_precision": {
    "mean": 0.8050606161717274,
    "std": 0.11606128941859142
  },
  "ar_recall": {
    "mean": 0.6334975369458128,
    "std": 0.070303695664675
  },
  "ar_f1": {
    "mean": 0.7015999247978945,
    "std": 0.016065562234826504
  },
  "full_pr_auc": {
    "mean": 0.7689771497619257,
    "std": 0.11012992344476209
  },
  "full_roc_auc": {
    "mean": 0.9040030805093022,
    "std": 0.05141332597020591
  },
  "full_precision": {
    "mean": 0.7992461561427078,
    "std": 0.1095763626917368
  },
  "full_recall": {
    "mean": 0.6536854588578727,
    "std": 0.07982584447094995
  },
  "full_f1": {
    "mean": 0.7111204941746814,
    "std": 0.0070191733662403385
  },
  "delta_pr_auc": {
    "mean": 0.0037215276101607575,
    "std": 0.07568211205243569
  }
}