{
  "ar_pr_auc": {
    "mean": 0.759019606756331,
    "std": 0.07735699545255721
  },
  "ar_roc_auc": {
    "mean": 0.868652901900299,
    "std": 0.07890527866809019
  },
  "ar_precision": {
    "mean": 0.8173157367875831,
    "std": 0.04761350055394263
  },
  "ar_recall": {
    "mean": 0.7013347581150837,
    "std": 0.14231742404117667
  },
  "ar_f1": {
    "mean": 0.7506958413092051,
    "std": 0.09153857850604821
  },
  "full_pr_auc": {
    "mean": 0.7963171196101938,
    "std": 0.061906351546355924
  },
  "full_roc_auc": {
    "mean": 0.8960024105509703,
    "std": 0.05353909317974599
  },
  "full_precision": {
    "mean": 0.8173157367875831,
    "std": 0.04761350055394263
  },
  "full_recall": {
    "mean": 0.7013347581150837,
    "std": 0.14231742404117667
  },
  "full_f1": {
    "mean": 0.7506958413092051,
    "std": 0.09153857850604821
  },
  "delta_pr_auc": {
    "mean": 0.037297512853863,
    "std": 0.04323294002101522
  }
}