{
  "ar_pr_auc": {
    "mean": 0.7975255520748216,
    "std": 0.11167140634581843
  },
  "ar_roc_auc": {
    "mean": 0.913064138437792,
    "std": 0.05167427698136314
  },
  "ar_precision": {
    "mean": 0.8173157367875831,
    "std": 0.04761350055394263
  },
  "ar_recall": {
    "mean": 0.7013347581150837,
    "std": 0.14231742404117667
  },
  "ar_f1": {
    "mean": 0.7506958413092051,
    "std": 0.09153857850604821
  },
  "full_pr_auc": {
    "mean": 0.8066568983632042,
    "std": 0.10671514067650303
  },
  "full_roc_auc": {
    "mean": 0.9132725213554231,
    "std": 0.045814948038236714
  },
  "full_precision": {
    "mean": 0.7596656715820934,
    "std": 0.05326226858209795
  },
  "full_recall": {
    "mean": 0.7933969623071053,
    "std": 0.1446947685001151
  },
  "full_f1": {
    "mean": 0.7706296767765473,
    "std": 0.08289380629728153
  },
  "delta_pr_auc": {
    "mean": 0.009131346288382747,
    "std": 0.040659046059512566
  }
}