fold_id,n_crises,both_detect,ar_only,full_only,neither,net_saves,pct_net_saves
1,71,66,0,0,5,0,0.0
2,102,76,0,16,10,16,15.686274509803921
3,115,72,0,23,20,23,20.0
4,145,92,0,15,38,15,10.344827586206897
5,84,48,0,0,36,0,0.0
