fold_id,n_crises,both_detect,ar_only,full_only,neither,net_saves,pct_net_saves
1,53,43,0,7,3,7,13.20754716981132
2,66,62,4,0,0,-4,-6.0606060606060606
3,71,61,6,0,4,-6,-8.450704225352112
4,102,62,4,8,28,4,3.9215686274509802
5,115,70,3,4,38,1,0.8695652173913043
6,145,103,1,0,41,-1,-0.6896551724137931
7,84,41,5,4,34,-1,-1.1904761904761905
