fold_id,n_crises,both_detect,ar_only,full_only,neither,net_saves,pct_net_saves
1,53,43,0,5,5,5,9.433962264150944
2,66,64,0,1,1,1,1.5151515151515151
3,71,66,0,0,5,0,0.0
4,102,76,0,0,26,0,0.0
5,115,72,0,10,33,10,8.695652173913043
6,145,104,0,16,25,16,11.03448275862069
7,84,48,0,0,36,0,0.0
